{
  "train_losses": [
    0.6530701518058777,
    0.6584636569023132
  ],
  "val_losses": [
    0.788062572479248,
    0.82688969373703
  ],
  "train_accuracies": [
    71.875,
    56.25
  ],
  "val_accuracies": [
    50.0,
    50.0
  ],
  "best_epoch": 2,
  "best_val_loss": 0.788062572479248,
  "best_val_accuracy": 50.0
}