{
  "train_losses": [
    0.728772908449173,
    0.7263237237930298
  ],
  "val_losses": [
    0.6785759925842285,
    0.6893107891082764
  ],
  "train_accuracies": [
    50.0,
    53.125
  ],
  "val_accuracies": [
    62.5,
    62.5
  ],
  "best_epoch": 2,
  "best_val_loss": 0.6785759925842285,
  "best_val_accuracy": 62.5
}