{
  "train_losses": [
    0.8350919708609581,
    0.7684359302123388
  ],
  "val_losses": [
    0.8326676239569982,
    0.7638976176579794
  ],
  "train_accuracies": [
    48.484848484848484,
    49.01185770750988
  ],
  "val_accuracies": [
    45.78947368421053,
    47.89473684210526
  ],
  "best_epoch": 2,
  "best_val_loss": 0.7638976176579794,
  "best_val_accuracy": 47.89473684210526
}