{
  "train_losses": [
    0.7862699031829834,
    0.7912207543849945
  ],
  "val_losses": [
    0.8134897947311401,
    0.8801643252372742
  ],
  "train_accuracies": [
    50.0,
    56.25
  ],
  "val_accuracies": [
    37.5,
    37.5
  ],
  "best_epoch": 2,
  "best_val_loss": 0.8134897947311401,
  "best_val_accuracy": 37.5
}