{
  "train_losses": [
    0.8242828845977783,
    0.8091078996658325
  ],
  "val_losses": [
    0.7073548436164856,
    0.7069609761238098
  ],
  "train_accuracies": [
    43.75,
    43.75
  ],
  "val_accuracies": [
    50.0,
    50.0
  ],
  "best_epoch": 2,
  "best_val_loss": 0.7069609761238098,
  "best_val_accuracy": 50.0
}