{
  "train_losses": [
    0.6436325050890446,
    0.6249489697317282
  ],
  "val_losses": [
    0.6114272351066271,
    0.5934288576245308
  ],
  "train_accuracies": [
    60.60606060606061,
    63.899868247694336
  ],
  "val_accuracies": [
    67.36842105263158,
    70.52631578947368
  ],
  "best_epoch": 2,
  "best_val_loss": 0.5934288576245308,
  "best_val_accuracy": 70.52631578947368
}