{
  "train_losses": [
    0.8047656243046125,
    0.7868874557316303
  ],
  "val_losses": [
    0.7795469413201014,
    0.7531897475322088
  ],
  "train_accuracies": [
    46.50856389986825,
    45.059288537549406
  ],
  "val_accuracies": [
    47.89473684210526,
    50.0
  ],
  "best_epoch": 2,
  "best_val_loss": 0.7531897475322088,
  "best_val_accuracy": 50.0
}