{
  "train_losses": [
    0.8550967797636986,
    0.8081687192122141
  ],
  "val_losses": [
    0.7780610918998718,
    0.7642082373301188
  ],
  "train_accuracies": [
    40.18445322793149,
    41.23847167325428
  ],
  "val_accuracies": [
    44.73684210526316,
    45.78947368421053
  ],
  "best_epoch": 2,
  "best_val_loss": 0.7642082373301188,
  "best_val_accuracy": 45.78947368421053
}