{
  "train_losses": [
    0.6628618240356445,
    0.6622522473335266
  ],
  "val_losses": [
    0.8218424916267395,
    0.8289074897766113
  ],
  "train_accuracies": [
    66.66666666666667,
    66.66666666666667
  ],
  "val_accuracies": [
    50.0,
    50.0
  ],
  "best_epoch": 2,
  "best_val_loss": 0.8218424916267395,
  "best_val_accuracy": 50.0
}