{
  "train_losses": [
    0.5417669533441464,
    0.519879374653101
  ],
  "val_losses": [
    0.5005480473240217,
    0.49823112040758133
  ],
  "train_accuracies": [
    76.28458498023716,
    80.23715415019763
  ],
  "val_accuracies": [
    80.52631578947368,
    80.0
  ],
  "best_epoch": 2,
  "best_val_loss": 0.49823112040758133,
  "best_val_accuracy": 80.0
}