{
  "train_losses": [
    0.8387269675731659,
    0.7728261649608612
  ],
  "val_losses": [
    0.6823527216911316,
    0.6935629844665527
  ],
  "train_accuracies": [
    53.125,
    56.25
  ],
  "val_accuracies": [
    50.0,
    50.0
  ],
  "best_epoch": 2,
  "best_val_loss": 0.6823527216911316,
  "best_val_accuracy": 50.0
}