{
  "train_losses": [
    0.7341126973430315,
    0.721040970335404
  ],
  "val_losses": [
    0.7132954051097234,
    0.7252306093772253
  ],
  "train_accuracies": [
    50.856389986824766,
    50.98814229249012
  ],
  "val_accuracies": [
    51.578947368421055,
    50.0
  ],
  "best_epoch": 2,
  "best_val_loss": 0.7132954051097234,
  "best_val_accuracy": 51.578947368421055
}