{
  "train_losses": [
    0.6616675419112047,
    0.6278612042466799
  ],
  "val_losses": [
    0.6533904025952021,
    0.621539960304896
  ],
  "train_accuracies": [
    58.62977602108037,
    65.61264822134387
  ],
  "val_accuracies": [
    62.63157894736842,
    66.84210526315789
  ],
  "best_epoch": 2,
  "best_val_loss": 0.621539960304896,
  "best_val_accuracy": 66.84210526315789
}