{
  "train_losses": [
    0.5962379559408874,
    0.30435403566807506
  ],
  "val_losses": [
    189.40910797119142,
    0.8129760444164276
  ],
  "train_accuracies": [
    79.62085308056872,
    90.52132701421802
  ],
  "val_accuracies": [
    54.43037974683544,
    75.63291139240506
  ],
  "best_epoch": 2,
  "best_val_loss": 0.8129760444164276,
  "best_val_accuracy": 75.63291139240506
}