{
  "train_losses": [
    0.7465980648994446,
    0.7442752718925476
  ],
  "val_losses": [
    0.8363727927207947,
    0.837632417678833
  ],
  "train_accuracies": [
    50.0,
    50.0
  ],
  "val_accuracies": [
    50.0,
    50.0
  ],
  "best_epoch": 2,
  "best_val_loss": 0.8363727927207947,
  "best_val_accuracy": 50.0
}