{
  "train_losses": [
    0.8424473392466704,
    0.7786610747377077
  ],
  "val_losses": [
    0.8193079829216003,
    0.7582650035619736
  ],
  "train_accuracies": [
    48.616600790513836,
    50.329380764163375
  ],
  "val_accuracies": [
    46.31578947368421,
    47.89473684210526
  ],
  "best_epoch": 2,
  "best_val_loss": 0.7582650035619736,
  "best_val_accuracy": 47.89473684210526
}