{
  "train_losses": [
    0.7452760338783264,
    0.7444034218788147
  ],
  "val_losses": [
    0.5832383632659912,
    0.6066131591796875
  ],
  "train_accuracies": [
    42.857142857142854,
    42.857142857142854
  ],
  "val_accuracies": [
    100.0,
    100.0
  ],
  "best_epoch": 2,
  "best_val_loss": 0.5832383632659912,
  "best_val_accuracy": 100.0
}