{
  "train_losses": [
    0.7458527088165283,
    0.7447469234466553
  ],
  "val_losses": [
    0.693972110748291,
    0.6940034627914429
  ],
  "train_accuracies": [
    50.0,
    50.0
  ],
  "val_accuracies": [
    50.0,
    50.0
  ],
  "best_epoch": 2,
  "best_val_loss": 0.693972110748291,
  "best_val_accuracy": 50.0
}