{
  "train_losses": [
    0.745210587978363,
    0.7444067597389221
  ],
  "val_losses": [
    0.7949805855751038,
    0.7850553393363953
  ],
  "train_accuracies": [
    50.0,
    50.0
  ],
  "val_accuracies": [
    50.0,
    50.0
  ],
  "best_epoch": 2,
  "best_val_loss": 0.7850553393363953,
  "best_val_accuracy": 50.0
}