{
  "train_losses": [
    0.7981064915657043,
    0.7970056533813477
  ],
  "val_losses": [
    1.5116275548934937,
    1.5138602256774902
  ],
  "train_accuracies": [
    42.857142857142854,
    42.857142857142854
  ],
  "val_accuracies": [
    0.0,
    0.0
  ],
  "best_epoch": 2,
  "best_val_loss": 1.5116275548934937,
  "best_val_accuracy": 0.0
}