{
  "train_losses": [
    0.8998145312070847,
    0.5564955070614814
  ],
  "val_losses": [
    135.7632614135742,
    1.6202521085739137
  ],
  "train_accuracies": [
    71.36075949367088,
    72.78481012658227
  ],
  "val_accuracies": [
    58.99053627760252,
    59.305993690851736
  ],
  "best_epoch": 2,
  "best_val_loss": 1.6202521085739137,
  "best_val_accuracy": 59.305993690851736
}