{
  "train_losses": [
    0.714298665523529,
    0.7130997776985168
  ],
  "val_losses": [
    0.6107754707336426,
    0.6081115007400513
  ],
  "train_accuracies": [
    42.857142857142854,
    42.857142857142854
  ],
  "val_accuracies": [
    100.0,
    100.0
  ],
  "best_epoch": 2,
  "best_val_loss": 0.6081115007400513,
  "best_val_accuracy": 100.0
}