{
  "train_losses": [
    0.6241346001625061,
    0.6234725117683411
  ],
  "val_losses": [
    0.7035267353057861,
    0.6997074484825134
  ],
  "train_accuracies": [
    50.0,
    50.0
  ],
  "val_accuracies": [
    50.0,
    50.0
  ],
  "best_epoch": 2,
  "best_val_loss": 0.6997074484825134,
  "best_val_accuracy": 50.0
}