{
  "train_losses": [
    0.7497181296348572,
    0.7404495179653168
  ],
  "val_losses": [
    0.7782415151596069,
    0.787616491317749
  ],
  "train_accuracies": [
    46.875,
    40.625
  ],
  "val_accuracies": [
    50.0,
    50.0
  ],
  "best_epoch": 2,
  "best_val_loss": 0.7782415151596069,
  "best_val_accuracy": 50.0
}