{
  "train_losses": [
    0.46519250082783403,
    0.04025322023589979
  ],
  "val_losses": [
    0.011346457149193157,
    0.01054179330531042
  ],
  "train_accuracies": [
    85.28481012658227,
    98.57594936708861
  ],
  "val_accuracies": [
    100.0,
    99.6845425867508
  ],
  "best_epoch": 2,
  "best_val_loss": 0.01054179330531042,
  "best_val_accuracy": 99.6845425867508
}