{
  "train_losses": [
    0.7450908596316973,
    0.7003873263796171
  ],
  "val_losses": [
    0.698588897784551,
    0.6597950458526611
  ],
  "train_accuracies": [
    50.6578947368421,
    57.10526315789474
  ],
  "val_accuracies": [
    58.2010582010582,
    60.317460317460316
  ],
  "best_epoch": 2,
  "best_val_loss": 0.6597950458526611,
  "best_val_accuracy": 60.317460317460316
}