{
  "train_losses": [
    0.9703737437725067,
    0.36984642818570135
  ],
  "val_losses": [
    135.9585189819336,
    0.8441240936517715
  ],
  "train_accuracies": [
    66.19273301737756,
    90.99526066350711
  ],
  "val_accuracies": [
    49.36708860759494,
    64.87341772151899
  ],
  "best_epoch": 2,
  "best_val_loss": 0.8441240936517715,
  "best_val_accuracy": 64.87341772151899
}