{
  "train_losses": [
    0.6305828976134459,
    0.6064055152237415
  ],
  "val_losses": [
    0.5701783075928688,
    0.5712906047701836
  ],
  "train_accuracies": [
    66.13965744400527,
    71.14624505928853
  ],
  "val_accuracies": [
    73.6842105263158,
    72.63157894736842
  ],
  "best_epoch": 2,
  "best_val_loss": 0.5701783075928688,
  "best_val_accuracy": 73.6842105263158
}