{
  "train_losses": [
    0.84158855676651,
    0.838965117931366
  ],
  "val_losses": [
    1.072587490081787,
    1.160592794418335
  ],
  "train_accuracies": [
    42.857142857142854,
    42.857142857142854
  ],
  "val_accuracies": [
    0.0,
    0.0
  ],
  "best_epoch": 2,
  "best_val_loss": 1.072587490081787,
  "best_val_accuracy": 0.0
}