{
  "train_losses": [
    0.6691218502819538,
    0.6540590611596903
  ],
  "val_losses": [
    0.7189260224501292,
    0.6717735230922699
  ],
  "train_accuracies": [
    58.89328063241107,
    60.869565217391305
  ],
  "val_accuracies": [
    55.78947368421053,
    63.1578947368421
  ],
  "best_epoch": 2,
  "best_val_loss": 0.6717735230922699,
  "best_val_accuracy": 63.1578947368421
}