{
  "train_losses": [
    0.697254866361618,
    0.6989519000053406
  ],
  "val_losses": [
    0.700652003288269,
    0.6850489377975464
  ],
  "train_accuracies": [
    50.0,
    53.125
  ],
  "val_accuracies": [
    37.5,
    50.0
  ],
  "best_epoch": 2,
  "best_val_loss": 0.6850489377975464,
  "best_val_accuracy": 50.0
}