{
  "train_losses": [
    0.6787432295580705,
    0.6570075551668803
  ],
  "val_losses": [
    0.7050340622663498,
    0.6870602518320084
  ],
  "train_accuracies": [
    55.73122529644269,
    59.55204216073781
  ],
  "val_accuracies": [
    57.36842105263158,
    58.421052631578945
  ],
  "best_epoch": 2,
  "best_val_loss": 0.6870602518320084,
  "best_val_accuracy": 58.421052631578945
}