{
  "train_losses": [
    0.6000306718051434,
    0.5685586134592692
  ],
  "val_losses": [
    0.5818975667158762,
    0.5593490824103355
  ],
  "train_accuracies": [
    72.20026350461133,
    75.49407114624506
  ],
  "val_accuracies": [
    68.94736842105263,
    76.3157894736842
  ],
  "best_epoch": 2,
  "best_val_loss": 0.5593490824103355,
  "best_val_accuracy": 76.3157894736842
}