{
  "train_losses": [
    0.7278913855552673,
    0.7263450622558594
  ],
  "val_losses": [
    0.7962096929550171,
    0.7839117050170898
  ],
  "train_accuracies": [
    50.0,
    50.0
  ],
  "val_accuracies": [
    50.0,
    50.0
  ],
  "best_epoch": 2,
  "best_val_loss": 0.7839117050170898,
  "best_val_accuracy": 50.0
}