{
  "train_losses": [
    0.26601288287347413,
    0.12823165642221285
  ],
  "val_losses": [
    0.041361382353352384,
    0.030191302632738372
  ],
  "train_accuracies": [
    89.88941548183254,
    95.10268562401264
  ],
  "val_accuracies": [
    98.10126582278481,
    99.0506329113924
  ],
  "best_epoch": 2,
  "best_val_loss": 0.030191302632738372,
  "best_val_accuracy": 99.0506329113924
}