{
  "train_losses": [
    0.8478839993476868,
    0.8489815294742584
  ],
  "val_losses": [
    0.7202426791191101,
    0.7306873202323914
  ],
  "train_accuracies": [
    46.875,
    43.75
  ],
  "val_accuracies": [
    25.0,
    25.0
  ],
  "best_epoch": 2,
  "best_val_loss": 0.7202426791191101,
  "best_val_accuracy": 25.0
}