{
  "train_losses": [
    0.7647701750199,
    0.7349481210112572
  ],
  "val_losses": [
    0.7236497948567072,
    0.7095383902390798
  ],
  "train_accuracies": [
    42.95125164690382,
    48.484848484848484
  ],
  "val_accuracies": [
    52.10526315789474,
    55.78947368421053
  ],
  "best_epoch": 2,
  "best_val_loss": 0.7095383902390798,
  "best_val_accuracy": 55.78947368421053
}