{
  "train_losses": [
    0.33348212074488404,
    0.1331463335081935,
    0.0896584341302514,
    0.06816792613826692,
    0.08088468743953854
  ],
  "val_losses": [
    0.1339550044387579,
    0.07879804614931345,
    0.05830493969842791,
    0.04714002558030188,
    0.03585072671994567
  ],
  "train_accuracies": [
    87.51974723538704,
    96.52448657187993,
    98.10426540284361,
    98.73617693522907,
    97.78830963665087
  ],
  "val_accuracies": [
    98.41772151898734,
    99.0506329113924,
    98.41772151898734,
    99.0506329113924,
    99.0506329113924
  ],
  "best_epoch": 5,
  "best_val_loss": 0.03585072671994567,
  "best_val_accuracy": 99.0506329113924
}