{
  "train_losses": [
    0.7381139099597931,
    0.7384139001369476
  ],
  "val_losses": [
    0.8817107081413269,
    0.8954008221626282
  ],
  "train_accuracies": [
    43.75,
    50.0
  ],
  "val_accuracies": [
    25.0,
    25.0
  ],
  "best_epoch": 2,
  "best_val_loss": 0.8817107081413269,
  "best_val_accuracy": 25.0
}