{
  "train_losses": [
    0.7788502871990204,
    0.7530109584331512
  ],
  "val_losses": [
    0.6548838019371033,
    0.6377503871917725
  ],
  "train_accuracies": [
    46.875,
    50.0
  ],
  "val_accuracies": [
    75.0,
    75.0
  ],
  "best_epoch": 2,
  "best_val_loss": 0.6377503871917725,
  "best_val_accuracy": 75.0
}