{
  "train_losses": [
    0.6242366880178452,
    0.6085604839026928
  ],
  "val_losses": [
    0.6091167132059733,
    0.5884285271167755
  ],
  "train_accuracies": [
    67.10526315789474,
    65.13157894736842
  ],
  "val_accuracies": [
    67.19576719576719,
    67.72486772486772
  ],
  "best_epoch": 2,
  "best_val_loss": 0.5884285271167755,
  "best_val_accuracy": 67.72486772486772
}