{
  "train_losses": [
    0.935191136598587,
    0.39274943098425863
  ],
  "val_losses": [
    6.4770056247711185,
    0.1800128385424614
  ],
  "train_accuracies": [
    60.44303797468354,
    83.70253164556962
  ],
  "val_accuracies": [
    53.31230283911672,
    92.42902208201893
  ],
  "best_epoch": 2,
  "best_val_loss": 0.1800128385424614,
  "best_val_accuracy": 92.42902208201893
}