{
  "train_losses": [
    0.6908346466720104,
    0.19515783367678524
  ],
  "val_losses": [
    14.65537223815918,
    0.23165531107224524
  ],
  "train_accuracies": [
    80.88467614533965,
    92.8909952606635
  ],
  "val_accuracies": [
    69.30379746835443,
    94.9367088607595
  ],
  "best_epoch": 2,
  "best_val_loss": 0.23165531107224524,
  "best_val_accuracy": 94.9367088607595
}