{
  "train_losses": [
    0.7097846443454424,
    0.6621587313711643
  ],
  "val_losses": [
    0.7086098665992419,
    0.6712748457988104
  ],
  "train_accuracies": [
    57.57575757575758,
    62.714097496706195
  ],
  "val_accuracies": [
    57.36842105263158,
    59.473684210526315
  ],
  "best_epoch": 2,
  "best_val_loss": 0.6712748457988104,
  "best_val_accuracy": 59.473684210526315
}