{
  "train_losses": [
    0.4621957544237375,
    0.1651077455841005,
    0.1283710900694132,
    0.07204463179223239,
    0.08271921258419752
  ],
  "val_losses": [
    0.15351184718310834,
    0.07645903658121825,
    0.0686552164144814,
    0.04508528672158718,
    0.0593614072073251
  ],
  "train_accuracies": [
    79.43037974683544,
    96.20253164556962,
    96.99367088607595,
    97.94303797468355,
    97.31012658227849
  ],
  "val_accuracies": [
    98.10725552050474,
    98.73817034700315,
    98.42271293375394,
    99.36908517350157,
    98.42271293375394
  ],
  "best_epoch": 5,
  "best_val_loss": 0.04508528672158718,
  "best_val_accuracy": 99.36908517350157
}