{
  "train_losses": [
    0.5968136209994555,
    0.26435162872076035
  ],
  "val_losses": [
    152.84846267700195,
    0.5199448511004447
  ],
  "train_accuracies": [
    76.14533965244865,
    89.88941548183254
  ],
  "val_accuracies": [
    55.063291139240505,
    92.72151898734177
  ],
  "best_epoch": 2,
  "best_val_loss": 0.5199448511004447,
  "best_val_accuracy": 92.72151898734177
}