{
  "train_losses": [
    0.4658109720796347,
    0.1601605825126171,
    0.1140717611182481,
    0.08498523933812976,
    0.06767137725837528
  ],
  "val_losses": [
    0.17319723330438136,
    0.09052304625511169,
    0.06547266906127333,
    0.0555320899002254,
    0.0424957653041929
  ],
  "train_accuracies": [
    78.98894154818325,
    96.05055292259084,
    97.78830963665087,
    98.10426540284361,
    98.5781990521327
  ],
  "val_accuracies": [
    97.15189873417721,
    99.36708860759494,
    99.36708860759494,
    99.36708860759494,
    99.36708860759494
  ],
  "best_epoch": 5,
  "best_val_loss": 0.0424957653041929,
  "best_val_accuracy": 99.36708860759494
}