{
  "train_losses": [
    0.6315310100714365,
    0.592334346845746
  ],
  "val_losses": [
    0.5943740084767342,
    0.5521652574340502
  ],
  "train_accuracies": [
    63.28947368421053,
    73.8157894736842
  ],
  "val_accuracies": [
    70.8994708994709,
    74.07407407407408
  ],
  "best_epoch": 2,
  "best_val_loss": 0.5521652574340502,
  "best_val_accuracy": 74.07407407407408
}