{
  "train_losses": [
    0.396088084288931,
    0.05693146180728945
  ],
  "val_losses": [
    0.021649354734108783,
    0.023053741119838378
  ],
  "train_accuracies": [
    85.62401263823065,
    98.26224328593997
  ],
  "val_accuracies": [
    98.73417721518987,
    99.0506329113924
  ],
  "best_epoch": 2,
  "best_val_loss": 0.021649354734108783,
  "best_val_accuracy": 99.0506329113924
}