{
  "train_losses": [
    0.6829571351408958,
    0.6447532698512077
  ],
  "val_losses": [
    0.6789504090944926,
    0.659634917974472
  ],
  "train_accuracies": [
    57.70750988142292,
    63.37285902503294
  ],
  "val_accuracies": [
    56.8421052631579,
    58.94736842105263
  ],
  "best_epoch": 2,
  "best_val_loss": 0.659634917974472,
  "best_val_accuracy": 58.94736842105263
}