{
  "train_losses": [
    0.8552496035893759,
    0.7727804848303398
  ],
  "val_losses": [
    0.729062353571256,
    0.6789061377445856
  ],
  "train_accuracies": [
    51.25164690382082,
    52.96442687747036
  ],
  "val_accuracies": [
    56.31578947368421,
    60.526315789473685
  ],
  "best_epoch": 2,
  "best_val_loss": 0.6789061377445856,
  "best_val_accuracy": 60.526315789473685
}